{"cameraMode":{"drawMode":0,"name":"Shaded","section":"Shading Mode"},"sceneLighting":false,"audioPlay":false,"sceneViewState":{"m_AlwaysRefresh":false,"showFog":true,"showSkybox":false,"showFlares":true,"showImageEffects":true,"showParticleSystems":true,"showVisualEffectGraphs":true,"m_FxEnabled":true},"in2DMode":false,"pivot":{"x":57.48804473876953,"y":-109.97615051269531,"z":-5.1536712646484379},"rotation":{"x":-0.04525240138173103,"y":-0.04284537211060524,"z":0.0019420733442530037,"w":-0.9980565309524536},"size":146.29502868652345,"orthographic":false}