{"cameraMode":{"drawMode":0,"name":"Shaded","section":"Shading Mode"},"sceneLighting":true,"audioPlay":false,"sceneViewState":{"m_AlwaysRefresh":false,"showFog":true,"showSkybox":true,"showFlares":true,"showImageEffects":true,"showParticleSystems":true,"showVisualEffectGraphs":true,"m_FxEnabled":true},"in2DMode":false,"pivot":{"x":585.5014038085938,"y":821.6672973632813,"z":-110.1302490234375},"rotation":{"x":0.020396318286657335,"y":0.008998050354421139,"z":-0.00018366510630585253,"w":0.9997525215148926},"size":640.0499877929688,"orthographic":false}