{"cameraMode":{"drawMode":0,"name":"Shaded","section":"Shading Mode"},"sceneLighting":true,"audioPlay":false,"sceneViewState":{"m_AlwaysRefresh":false,"showFog":true,"showSkybox":true,"showFlares":true,"showImageEffects":true,"showParticleSystems":true,"showVisualEffectGraphs":true,"m_FxEnabled":true},"in2DMode":false,"pivot":{"x":-0.9322900772094727,"y":19.789993286132814,"z":0.04922294616699219},"rotation":{"x":-0.11703852564096451,"y":0.008041673339903355,"z":-0.0009450591169297695,"w":-0.9931045174598694},"size":19.281248092651368,"orthographic":false}